{"cameraMode":{"drawMode":0,"name":"Shaded","section":"Shading Mode"},"sceneLighting":false,"audioPlay":false,"sceneViewState":{"showFog":true,"showMaterialUpdate":false,"showSkybox":false,"showFlares":true,"showImageEffects":true,"showParticleSystems":true},"in2DMode":false,"pivot":{"x":0.0,"y":1.5375003814697266,"z":-1.7881393432617188e-7},"rotation":{"x":0.19937781989574433,"y":-0.07495784759521485,"z":0.01533828116953373,"w":0.9769971966743469},"size":6.067043781280518,"orthographic":false}