{"cameraMode":{"drawMode":0,"name":"Shaded","section":"Shading Mode"},"sceneLighting":false,"audioPlay":false,"sceneViewState":{"showFog":true,"showMaterialUpdate":false,"showSkybox":false,"showFlares":true,"showImageEffects":true,"showParticleSystems":true},"in2DMode":false,"pivot":{"x":0.010186479426920414,"y":0.7675161361694336,"z":0.47441354393959048},"rotation":{"x":0.13191232085227967,"y":-0.28854188323020937,"z":0.040129996836185458,"w":0.9475685358047485},"size":1.8452343940734864,"orthographic":false}