{"cameraMode":{"drawMode":0,"name":"Shaded","section":"Shading Mode"},"sceneLighting":false,"audioPlay":false,"sceneViewState":{"showFog":true,"showMaterialUpdate":false,"showSkybox":false,"showFlares":true,"showImageEffects":true,"showParticleSystems":true},"in2DMode":false,"pivot":{"x":-3.16650128364563,"y":1.3647805452346802,"z":-0.8024417161941528},"rotation":{"x":-0.23789682984352113,"y":0.031855061650276187,"z":-0.007833114825189114,"w":-0.9708296656608582},"size":2.8578836917877199,"orthographic":false}