{"cameraMode":{"drawMode":0,"name":"Shaded","section":"Shading Mode"},"sceneLighting":false,"audioPlay":false,"sceneViewState":{"showFog":true,"showMaterialUpdate":false,"showSkybox":false,"showFlares":true,"showImageEffects":true,"showParticleSystems":true},"in2DMode":false,"pivot":{"x":0.40170395374298098,"y":-0.4726991355419159,"z":-4.4484782218933109},"rotation":{"x":0.12716493010520936,"y":0.8319363594055176,"z":-0.21316294372081757,"w":0.49644914269447329},"size":2.8578836917877199,"orthographic":false}