{"cameraMode":{"drawMode":0,"name":"Shaded","section":"Shading Mode"},"sceneLighting":false,"audioPlay":false,"sceneViewState":{"showFog":true,"showMaterialUpdate":false,"showSkybox":false,"showFlares":true,"showImageEffects":true,"showParticleSystems":true},"in2DMode":false,"pivot":{"x":-1.129471778869629,"y":-1.6950433254241944,"z":2.2603096961975099},"rotation":{"x":0.29220321774482729,"y":0.5103067755699158,"z":-0.18964248895645142,"w":0.7862856984138489},"size":9.664570808410645,"orthographic":false}