{"cameraMode":{"drawMode":0,"name":"Shaded","section":"Shading Mode"},"sceneLighting":false,"audioPlay":false,"sceneViewState":{"showFog":true,"showMaterialUpdate":false,"showSkybox":false,"showFlares":true,"showImageEffects":true,"showParticleSystems":true},"in2DMode":false,"pivot":{"x":-3.850982189178467,"y":1.2936105728149415,"z":-0.4156229496002197},"rotation":{"x":-0.28786495327949526,"y":0.11865948140621185,"z":-0.03599417954683304,"w":-0.9497058987617493},"size":1.3578839302062989,"orthographic":false}