{"cameraMode":{"drawMode":0,"name":"Shaded","section":"Shading Mode"},"sceneLighting":false,"audioPlay":false,"sceneViewState":{"showFog":true,"showMaterialUpdate":false,"showSkybox":false,"showFlares":true,"showImageEffects":true,"showParticleSystems":true},"in2DMode":false,"pivot":{"x":-0.6728065013885498,"y":-0.3373628854751587,"z":-4.028706073760986},"rotation":{"x":-0.015060818754136563,"y":0.9841279983520508,"z":-0.10253269225358963,"w":-0.144704669713974},"size":8.058903694152832,"orthographic":false}